question,ground_truth,generated_answer,bleu_score
"У меня болит голова уже неделю. Боль пульсирующая, концентрация плохая,  тревожность повышена. Что это может быть?","Головные боли, особенно если они пульсирующие и сопровождаются другими симптомами, могут быть вызваны различными причинами. Важно обратиться к врачу для точной диагностики.  Возможно, это мигрень, напряжение в мышцах,  гипертония или другие проблемы.  Чтобы помочь врачу поставить диагноз, запишите все свои симптомы, их продолжительность и что-нибудь, что может их вызывать.  Врач может назначить обследование, чтобы исключить серьезные заболевания.","Боли головы пульсирующего характера, которые длится уже неделю, могут быть вызваны различными причинами, включая мигрень, стресс, недостаток сна или питания, а также более серьезные состояния, такие как артериальная гипертензия или инфекционные заболевания. Учитывая, что боль длится более недели и сопровождается тревожностью и проблемами с концентрацией, рекомендуется обратиться к неврологу для точной диагностики. Врач проведет осмотр, задаст уточняющие вопросы и назначит необходимые обследования, такие как МРТ или КТ головного мозга. Пока что попробуйте высыпаться, правильно питаться, избегать стрессовых ситуаций и принимать обезболивающие препараты, если это разрешено вашим врачом.",0.42230798507509293
"У меня на коже появились маленькие красные точки, которые чешутся и немного зудят. Что это может быть и как лечить?","Красные точки на коже могут быть вызваны разными причинами, такими как аллергия, экзема, псориаз или контактный дерматит. Для точного диагноза необходимо обратиться к дерматологу.  Врач осмотрит раны, задаст вопросы о вашем образе жизни и может назначить дополнительные обследования. Пока же можно попробовать использовать крем с охлаждающим эффектом для уменьшения зуда и воспаления.  Не стоит расчесывать эти высыпания, так как это может усугубить ситуацию и привести к инфекции.  Важно избегать контакта с возможными аллергенами, если вы подозреваете аллергическую реакцию.","Красные точки на коже, которые чешутся и зудят, могут быть вызваны различными причинами, такими как контактный дерматит, экзема или псориаз. Для точного диагноза необходимо обратиться к дерматологу. Врач осмотрит вашу кожу, задаст вопросы о вашем образе жизни и возможных аллергенах. Возможно, потребуется дополнительное обследование, например, взятие мазка или биопсия.

Пока что можно попробовать использовать увлажняющий крем и избегать контакта с потенциальными аллергенами. Чтобы уменьшить зуд, можно наносить на пораженные участки прохладный компресс или использовать крем с охлаждающим эффектом. Важно не чесать пятна, чтобы не спровоцировать их дальнейшее раздражение и возможное заражение. Не занимайтесь самолечением и не используйте без назначения медикаменты.",0.5715039652211025
"Я сдавал анализ крови, и у меня высокий уровень холестерина. Врач сказал мне что-то про ЛПВП и ЛПНП, но я не совсем понял, что это такое и как это связано с моим здоровьем.","Холестерин - это жировая Substanz, которая необходима организму, но его избыток может быть вреден. ЛПВП и ЛПНП - это два типа холестерина. ЛПВП, или «хороший» холестерин, защищает от сердечно-сосудистых заболеваний, а ЛПНП, или «плохой» холестерин, наоборот, повышает риск развития таких заболеваний.  Высокий уровень ЛПНП может привести к отложению холестерина в стенках сосудов, что сужает просвет и затрудняет кровоток.  Для снижения уровня холестерина Вам может потребоваться изменить рацион питания, включить физические нагрузки в свою жизнь и, возможно, принимать препараты.","ЛПВП (липопротеины высокой плотности) и ЛПНП (липопротеины низкой плотности) - это разновидности холестерина, которые находятся в вашей крови. ЛПВП часто называют ""хорошим"" холестерином, так как он помогает удалять холестерин из артерий, уменьшая риск сердечно-сосудистых заболеваний. ЛПНП, или ""плохой"" холестерин, может накапливаться в стенках артерий, образуя бляшки и сужая просвет артерий, что повышает риск инфаркта миокарда и инсульта. Ваши лабораторные анализы помогут определить, какой тип холестерина повышен у вас, и врач назначит соответствующее лечение и рекомендации для снижения уровня холестерина.",0.5158210805805552
У меня повышенный уровень сахара в крови. Могу ли я сама лечиться?,"Повышенный уровень сахара в крови - серьезное состояние, которое требует внимания врача-эндокринолога. Самолечение может быть опасным и ухудшить ваше состояние.  Важно пройти обследование, чтобы определить причину гипергликемии и получить индивидуальный план лечения.  Врач может назначить вам препараты, изменить рацион и посоветовать заниматься физической активностью.  Следуйте рекомендациям врача и регулярно контролируйте уровень сахара в крови.","Нет, не рекомендуется заниматься самолечением. Важно обратиться к эндокринологу для точной диагностики и назначения индивидуального лечения.",0.07232795740795725
"У меня болит живот, врач сказал, что мне нужна операция, но не сказал, почему. ","Я понимаю, что это беспокоит.  Оперативное вмешательство - это серьезный шаг, и важно знать причину.  Поговорите со своим хирургом о результатах обследования и причинах необходимости операции.  Запишите свои вопросы заранее, чтобы не забыть спросить о всех интересующих Вас моментах.  Не стесняйтесь просить врача объяснить все доступным языком, пока Вы не поймете все нюансы.","Боли в животе могут быть вызваны множеством причин, и только врач, основываясь на Ваших анализах, обследовании и истории болезни, может поставить точный диагноз и объяснить необходимость операции. Попросите у врача более подробную информацию о предполагаемой операции, о том, что именно беспокоит его и какие риски и выгоды есть у такого вмешательства. Попробуйте записаться на повторный прием к хирургу и задайте ему конкретный вопрос о том, почему именно вам требуется операция. Запишите свои жалобы и вопросы перед приемом, чтобы не забыть ничего важного. Также можно попросить хирурга предоставить вам доступ к результатам ваших исследований, чтобы понять, что именно обнаружили врачи. Не стесняйтесь задавать вопросы, пока не поймете все нюансы вашего состояния.",0.34221545476826926
Мой ребенок постоянно кашляет и чихает. Уже неделю болеет. Температура поднялась до 38 градусов. Что это может быть?,"Кашель и чихание у ребенка могут быть признаками простуды, ОРВИ или аллергии. Повышенная температура до 38 градусов также указывает на воспалительный процесс.  Важно отметить, что я не могу поставить диагноз и назначить лечение. Нужно обратиться к педиатру для осмотра. Врач сможет определить причину кашля и чихания, учесть симптомы и назначить соответствующее лечение.  Пока что можно дать ребенку обильное питье, протирать лоб и подбородок влажным полотенцем, а также обеспечить покой.","Кашель и высокая температура у ребенка могут быть признаками различных заболеваний, от простуды до более серьезных инфекций. Чтобы точно определить причину, нужно обследовать ребенка. Пожалуйста, обратитесь к педиатру, чтобы он смог поставить диагноз и назначить правильное лечение. Пока же, старайтесь поддерживать обильное питье, проветривайте комнату и используйте увлажнитель воздуха. Если кашель сильный и у ребенка наблюдаются признаки одышки, срочно вызывайте скорую помощь.",0.5507319847555757
"У меня болит живот, уже неделю. Врач сказал, что нужно сделать операцию, но не сказал, почему. Что мне делать?","Я понимаю, что Вы беспокоитесь. Операция - это серьёзное решение, и важно все хорошо понимать.  Лучше всего обратиться к Вашему врачу ещё раз и спросить о причинах необходимости операции.  Попросите его подробно объяснить, что именно происходит, какие риски и возможные осложнения могут возникнуть, и какие именно виды операций рассматриваются. Не стесняйтесь задавать все интересующие Вас вопросы, пока Вы не почувствуете полное понимание ситуации.  Так Вы сможете принять взвешенное решение, которое будет наилучшим для Вашего здоровья.","Вернитесь к своему хирургу и попросите более подробной информации о причине необходимости операции. Запишите все свои вопросы перед приемом, чтобы не забыть ничего важного. Попросите хирурга объяснить диагноз, возможные варианты лечения и риски каждой процедуры. Не стесняйтесь уточнять непонятные моменты. Также можно попросить хирурга предоставить доступ к результатам ваших исследований, чтобы лучше понять, что именно обнаружили врачи.",0.43263028876697823
"Я сдавал анализ крови на холестерин. В результатах указано, что у меня повышен ЛПНП. Что это значит и как с этим бороться?","Повышенный уровень ЛПНП (липопротеинов низкой плотности) часто называют ""плохим"" холестерином. Он может отложиться на стенках сосудов, повышая риск развития сердечно-сосудистых заболеваний. Для снижения ЛПНП вам следует обратиться к кардиологу или терапевту. Врач назначит вам обследование, чтобы оценить риски и подобрать подходящий план лечения.  Врач может порекомендовать вам изменить образ жизни:  заниматься физическими упражнениями, соблюдать сбалансированное питание с ограничением насыщенных жиров, холестерина и сахара, отказаться от курения.  Также, врач может назначить лекарства, снижающие уровень холестерина.","Повышенный уровень ЛПНП (липопротеинов низкой плотности), или ""плохого"" холестерина, увеличивает риск развития сердечно-сосудистых заболеваний. Для борьбы с этим вам стоит проконсультироваться с врачом-кардиологом. Он оценит ваше общее состояние здоровья, сделает необходимые обследования и назначит индивидуальную программу лечения, которая может включать изменение диеты, упражнения и, возможно, прием лекарственных препаратов. Врач также может рекомендовать изменение образа жизни, диеты, физической активности, а также назначить медикаментозную терапию для снижения уровня холестерина. Важно понимать, что контроль уровня холестерина - это долгосрочный процесс, который требует постоянного внимания и изменений в образе жизни.",0.5626956448090398
У меня снизился либидо и появилась слабость. Что это может быть?,"Снижение либидо и слабость могут быть вызваны различными причинами.  Помимо общего стресса и усталости, это может быть связано с гормональным дисбалансом, в том числе с недостатком тестостерона. Также,  на это могут повлиять проблемы со здоровьем, такие как проблемы с щитовидной железой, сахарный диабет или сердечно-сосудистые заболевания.  Важно отметить, что я не могу поставить диагноз.  Вам необходимо обратиться к урологу или андрологу для обследования и выяснения точной причины этих симптомов.  Врач проведет необходимые анализы и назначит соответствующее лечение.","Пониженное либидо и слабость могут быть связаны с различными факторами, как физическими, так и психологическими. Начать стоит с анализа образа жизни: стресс, недостаток сна, неправильное питание и малоподвижность могут влиять на сексуальную функцию. Также стоит обратить внимание на наличие сопутствующих заболеваний, например, диабета, сердечно-сосудистых заболеваний или гормональных нарушений. Рекомендую Вам обратиться к урологу или андрологу для более точного диагноза и назначения соответствующего лечения. Да, снижение либидо и слабость могут быть симптомами гормонального сбоя, в частности, недостаточности тестостерона. Однако, я не могу ставить диагноз или назначать лечение. Вам необходимо обратиться к андрологу для обследования. Врач проведет анализы крови на гормоны, и, если подтвердится гормональный дисбаланс, назначит соответствующее лечение. До визита к врачу, можно попробовать улучшить свой образ жизни: похудеть, заняться спортом, сбалансировать питание. Снижение либидо может быть вызвано множеством причин, от стресса до гормональных сбоев. Рекомендую обратиться к урологу или андрологу для выяснения причины и назначения адекватного лечения. Снижение либидо может быть вызвано множеством причин, как физиологическими, так и психологическими. Среди физиологических причин: гормональные нарушения, проблемы с сосудами, заболевания щитовидной железы, а также некоторые медикаменты. Психологические факторы, такие как стресс, тревога или депрессия, также могут повлиять на либидо. Чтобы понять причину снижения либидо, Вам необходимо обратиться к урологу или андрологу. Врач проведет осмотр, соберет анамнез и, возможно, назначит анализы для выяснения точного диагноза.",0.2859020651773126
